<?xml version="1.0" encoding="UTF-8"?>
<!DOCTYPE suite SYSTEM "https://testng.org/testng-1.0.dtd">
<suite name="Suite">
	<test thread-count="1" name="Test" preserve-order="true">

		<groups>
			<dependencies>
				<group name="Verify_Create" depends-on="AP_Create" />

				<group name="AP_Edit" depends-on="AP_Create Verify_Create" />

				<group name="Verify_Update" depends-on="AP_Edit Verify_Create" />

				<group name="AP_Delete" depends-on="Verify_Update" />

				<group name="Verify_Delete" depends-on="AP_Delete" />
			</dependencies>
		</groups>

		<classes>
			<class name="tests.ActionPlanCreate" />
			<class name="tests.VerifyCreation_AtSource" />
			<class name="tests.ActionPlanEdit" />
			<class name="tests.VerifyUpdate_AtSource" />
			<class name="tests.ActionPlanDelete" />
			<class name="tests.VerifyDelete_AtSource" />
		</classes>

	</test> <!-- Test -->
</suite> <!-- Suite -->
